Filename,Year,Pages,File Size,Folder,OCR Required,Readable
RRB-Grop-D-CBT-1-Paper_1-12-2025_S1.pdf,2025,17,648588,PDFs/2025,No,Yes
RRB-Grop-D-CBT-1-Paper_1-12-2025_S2.pdf,2025,17,667447,PDFs/2025,No,Yes
RRB-Grop-D-CBT-1-Paper_1-12-2025_S3.pdf,2025,17,655753,PDFs/2025,No,Yes
RRB-Grop-D-CBT-1-Paper_10-12-2025_S1.pdf,2025,17,658315,PDFs/2025,No,Yes
RRB-Grop-D-CBT-1-Paper_10-12-2025_S2.pdf,2025,17,685723,PDFs/2025,No,Yes
RRB-Grop-D-CBT-1-Paper_10-12-2025_S3.pdf,2025,17,766714,PDFs/2025,No,Yes
RRB-Grop-D-CBT-1-Paper_11-12-2025_S1.pdf,2025,17,716748,PDFs/2025,No,Yes
RRB-Grop-D-CBT-1-Paper_11-12-2025_S2.pdf,2025,17,806315,PDFs/2025,No,Yes
RRB-Grop-D-CBT-1-Paper_11-12-2025_S3.pdf,2025,18,793750,PDFs/2025,No,Yes
RRB-Grop-D-CBT-1-Paper_12-12-2025_S1.pdf,2025,17,663439,PDFs/2025,No,Yes
RRB-Grop-D-CBT-1-Paper_12-12-2025_S2.pdf,2025,17,656468,PDFs/2025,No,Yes
RRB-Grop-D-CBT-1-Paper_12-12-2025_S3.pdf,2025,17,698152,PDFs/2025,No,Yes
RRB-Grop-D-CBT-1-Paper_14-12-2025_S1.pdf,2025,17,801077,PDFs/2025,No,Yes
RRB-Grop-D-CBT-1-Paper_14-12-2025_S2.pdf,2025,17,658419,PDFs/2025,No,Yes
RRB-Grop-D-CBT-1-Paper_14-12-2025_S3.pdf,2025,17,697575,PDFs/2025,No,Yes
RRB-Grop-D-CBT-1-Paper_15-12-2025_S1.pdf,2025,17,693278,PDFs/2025,No,Yes
RRB-Grop-D-CBT-1-Paper_15-12-2025_S2.pdf,2025,18,678357,PDFs/2025,No,Yes
RRB-Grop-D-CBT-1-Paper_15-12-2025_S3.pdf,2025,17,773035,PDFs/2025,No,Yes
RRB-Grop-D-CBT-1-Paper_2-12-2025_S1.pdf,2025,17,658599,PDFs/2025,No,Yes
RRB-Grop-D-CBT-1-Paper_2-12-2025_S2.pdf,2025,17,659522,PDFs/2025,No,Yes
RRB-Grop-D-CBT-1-Paper_2-12-2025_S3.pdf,2025,17,648006,PDFs/2025,No,Yes
RRB-Grop-D-CBT-1-Paper_27-11-2025_S1.pdf,2025,17,638617,PDFs/2025,No,Yes
RRB-Grop-D-CBT-1-Paper_27-11-2025_S2.pdf,2025,17,703829,PDFs/2025,No,Yes
RRB-Grop-D-CBT-1-Paper_27-11-2025_S3.pdf,2025,17,633637,PDFs/2025,No,Yes
RRB-Grop-D-CBT-1-Paper_28-11-2025_S1.pdf,2025,17,725841,PDFs/2025,No,Yes
RRB-Grop-D-CBT-1-Paper_28-11-2025_S2.pdf,2025,17,648922,PDFs/2025,No,Yes
RRB-Grop-D-CBT-1-Paper_28-11-2025_S3.pdf,2025,17,681604,PDFs/2025,No,Yes
RRB-Grop-D-CBT-1-Paper_3-12-2025_S1.pdf,2025,17,653156,PDFs/2025,No,Yes
RRB-Grop-D-CBT-1-Paper_3-12-2025_S2.pdf,2025,17,684935,PDFs/2025,No,Yes
RRB-Grop-D-CBT-1-Paper_3-12-2025_S3.pdf,2025,17,664428,PDFs/2025,No,Yes
RRB-Grop-D-CBT-1-Paper_4-12-2025_S1.pdf,2025,17,633230,PDFs/2025,No,Yes
RRB-Grop-D-CBT-1-Paper_4-12-2025_S2.pdf,2025,17,692865,PDFs/2025,No,Yes
RRB-Grop-D-CBT-1-Paper_4-12-2025_S3.pdf,2025,17,662347,PDFs/2025,No,Yes
RRB-Grop-D-CBT-1-Paper_5-12-2025_S1.pdf,2025,17,670897,PDFs/2025,No,Yes
RRB-Grop-D-CBT-1-Paper_5-12-2025_S2.pdf,2025,17,698319,PDFs/2025,No,Yes
RRB-Grop-D-CBT-1-Paper_5-12-2025_S3.pdf,2025,18,653569,PDFs/2025,No,Yes
RRB-Grop-D-CBT-1-Paper_8-12-2025_S1.pdf,2025,18,657995,PDFs/2025,No,Yes
RRB-Grop-D-CBT-1-Paper_8-12-2025_S2.pdf,2025,17,641568,PDFs/2025,No,Yes
RRB-Grop-D-CBT-1-Paper_8-12-2025_S3.pdf,2025,17,736416,PDFs/2025,No,Yes
RRB-Grop-D-CBT-1-Paper_9-12-2025_S1.pdf,2025,17,700057,PDFs/2025,No,Yes
RRB-Grop-D-CBT-1-Paper_9-12-2025_S2.pdf,2025,17,633656,PDFs/2025,No,Yes
RRB-Grop-D-CBT-1-Paper_9-12-2025_S3.pdf,2025,17,676756,PDFs/2025,No,Yes
RRB-Group-D-CBT-1-Paper_16-12-2025_S1.pdf,2025,17,651348,PDFs/2025,No,Yes
RRB-Group-D-CBT-1-Paper_16-12-2025_S2.pdf,2025,17,680121,PDFs/2025,No,Yes
RRB-Group-D-CBT-1-Paper_16-12-2025_S3.pdf,2025,17,676840,PDFs/2025,No,Yes
RRB-Group-D-CBT-1-Paper_17-12-2025_S1.pdf,2025,17,823108,PDFs/2025,No,Yes
RRB-Group-D-CBT-1-Paper_17-12-2025_S2.pdf,2025,17,675663,PDFs/2025,No,Yes
RRB-Group-D-CBT-1-Paper_17-12-2025_S3.pdf,2025,18,654947,PDFs/2025,No,Yes
RRB-Group-D-CBT-1-Paper_19-12-2025_S1.pdf,2025,17,670387,PDFs/2025,No,Yes
RRB-Group-D-CBT-1-Paper_19-12-2025_S2.pdf,2025,17,857529,PDFs/2025,No,Yes
RRB-Group-D-CBT-1-Paper_19-12-2025_S3.pdf,2025,17,660678,PDFs/2025,No,Yes
RRB-Group-D-CBT-1-Paper_21-12-2025_S1.pdf,2025,17,787560,PDFs/2025,No,Yes
RRB-Group-D-CBT-1-Paper_21-12-2025_S2.pdf,2025,18,811851,PDFs/2025,No,Yes
RRB-Group-D-CBT-1-Paper_21-12-2025_S3.pdf,2025,17,661081,PDFs/2025,No,Yes
RRB-Group-D-CBT-1-Paper_22-12-2025_S1.pdf,2025,17,629511,PDFs/2025,No,Yes
RRB-Group-D-CBT-1-Paper_22-12-2025_S2.pdf,2025,17,657463,PDFs/2025,No,Yes
RRB-Group-D-CBT-1-Paper_22-12-2025_S3.pdf,2025,18,675415,PDFs/2025,No,Yes
RRB-Group-D-CBT-1-Paper_23-12-2025_S1.pdf,2025,17,639389,PDFs/2025,No,Yes
RRB-Group-D-CBT-1-Paper_23-12-2025_S2.pdf,2025,18,689382,PDFs/2025,No,Yes
RRB-Group-D-CBT-1-Paper_23-12-2025_S3.pdf,2025,17,644546,PDFs/2025,No,Yes
RRB-Group-D-CBT-1-Paper_24-12-2025_S1.pdf,2025,17,638456,PDFs/2025,No,Yes
RRB-Group-D-CBT-1-Paper_24-12-2025_S2.pdf,2025,17,650989,PDFs/2025,No,Yes
RRB-Group-D-CBT-1-Paper_24-12-2025_S3.pdf,2025,17,660969,PDFs/2025,No,Yes
RRB-Group-D-CBT-1-Paper_26-12-2025_S1.pdf,2025,17,682656,PDFs/2025,No,Yes
RRB-Group-D-CBT-1-Paper_26-12-2025_S2.pdf,2025,18,763370,PDFs/2025,No,Yes
RRB-Group-D-CBT-1-Paper_26-12-2025_S3.pdf,2025,17,689137,PDFs/2025,No,Yes
RRB-Group-D-CBT-1-Paper_27-11-2025_S1.pdf,2025,17,638410,PDFs/2025,No,Yes
RRB-Group-D-CBT-1-Paper_27-11-2025_S2.pdf,2025,17,702983,PDFs/2025,No,Yes
RRB-Group-D-CBT-1-Paper_27-11-2025_S3.pdf,2025,17,633301,PDFs/2025,No,Yes
RRB-Group-D-CBT-1-Paper_29-12-2025_S1.pdf,2025,17,630897,PDFs/2025,No,Yes
RRB-Group-D-CBT-1-Paper_29-12-2025_S2.pdf,2025,17,678516,PDFs/2025,No,Yes
RRB-Group-D-CBT-1-Paper_29-12-2025_S3.pdf,2025,17,655964,PDFs/2025,No,Yes
RRB-Group-D-CBT-1-Paper_30-12-2025_S1-1.pdf,2025,17,683160,PDFs/2025,No,Yes
RRB-Group-D-CBT-1-Paper_30-12-2025_S2-1.pdf,2025,17,640539,PDFs/2025,No,Yes
RRB-Group-D-CBT-1-Paper_30-12-2025_S3-1.pdf,2025,18,702978,PDFs/2025,No,Yes
RRB-Group-D-CBT-1-Paper_10-2-2026_S1.pdf,2026,17,690400,PDFs/2026,No,Yes
RRB-Group-D-CBT-1-Paper_10-2-2026_S2.pdf,2026,17,658850,PDFs/2026,No,Yes
RRB-Group-D-CBT-1-Paper_10-2-2026_S3.pdf,2026,17,699984,PDFs/2026,No,Yes
RRB-Group-D-CBT-1-Paper_2-2-2026_S1.pdf,2026,17,652915,PDFs/2026,No,Yes
RRB-Group-D-CBT-1-Paper_2-2-2026_S2.pdf,2026,17,769863,PDFs/2026,No,Yes
RRB-Group-D-CBT-1-Paper_2-2-2026_S3.pdf,2026,17,656555,PDFs/2026,No,Yes
RRB-Group-D-CBT-1-Paper_3-2-2026_S1.pdf,2026,17,677486,PDFs/2026,No,Yes
RRB-Group-D-CBT-1-Paper_3-2-2026_S2.pdf,2026,18,658836,PDFs/2026,No,Yes
RRB-Group-D-CBT-1-Paper_3-2-2026_S3.pdf,2026,17,679859,PDFs/2026,No,Yes
RRB-Group-D-CBT-1-Paper_4-2-2026_S1.pdf,2026,18,672830,PDFs/2026,No,Yes
RRB-Group-D-CBT-1-Paper_4-2-2026_S2.pdf,2026,17,665597,PDFs/2026,No,Yes
RRB-Group-D-CBT-1-Paper_4-2-2026_S3.pdf,2026,17,664176,PDFs/2026,No,Yes
RRB-Group-D-CBT-1-Paper_5-2-2026_S1.pdf,2026,18,723488,PDFs/2026,No,Yes
RRB-Group-D-CBT-1-Paper_5-2-2026_S2.pdf,2026,17,658721,PDFs/2026,No,Yes
RRB-Group-D-CBT-1-Paper_5-2-2026_S3.pdf,2026,17,652049,PDFs/2026,No,Yes
RRB-Group-D-CBT-1-Paper_6-2-2026_S1.pdf,2026,17,679590,PDFs/2026,No,Yes
RRB-Group-D-CBT-1-Paper_6-2-2026_S2.pdf,2026,17,706561,PDFs/2026,No,Yes
RRB-Group-D-CBT-1-Paper_8-1-2026_S1.pdf,2026,17,694510,PDFs/2026,No,Yes
RRB-Group-D-CBT-1-Paper_8-1-2026_S2.pdf,2026,17,712137,PDFs/2026,No,Yes
RRB-Group-D-CBT-1-Paper_8-1-2026_S3.pdf,2026,17,670592,PDFs/2026,No,Yes
RRB-Group-D-CBT-1-Paper_9-1-2026_S1.pdf,2026,17,697882,PDFs/2026,No,Yes
RRB-Group-D-CBT-1-Paper_9-1-2026_S2.pdf,2026,17,650294,PDFs/2026,No,Yes
RRB-Group-D-CBT-1-Paper_9-1-2026_S3.pdf,2026,17,653884,PDFs/2026,No,Yes
RRB-Group-D-CBT-1-Paper_9-2-2026_S1.pdf,2026,17,716531,PDFs/2026,No,Yes
RRB-Group-D-CBT-1-Paper_9-2-2026_S2.pdf,2026,17,697134,PDFs/2026,No,Yes
RRB-Group-D-CBT-1-Paper_9-2-2026_S3.pdf,2026,17,674993,PDFs/2026,No,Yes
